dimension,n_points,dataset,method,support_error,volume_ratio,volume_true,volume_approx,membership_acc,runtime_ms,n_vertices,status
2,200,uniform_cube,Extents,0.0,1.0,3.7739945941610835,3.7739945941610835,1.0,15.500861220061779,11,ok
2,200,uniform_cube,MVEE,0.0,1.0,3.7566863012547786,3.7566863012547786,1.0,151.1552301235497,11,ok
2,200,uniform_cube,DeepHull-original,0.0,1.0,3.7779282970943346,3.7779282970943346,1.0,7259.914156980813,200,ok
2,200,uniform_cube,DeepHull-convex,0.0,1.0,3.7739945941610835,3.7739945941610835,1.0,9037.3942325823,200,ok
2,200,anisotropic_cond1,Extents,0.0,1.0,16.757928222846253,16.757928222846253,1.0,12.936764862388372,10,ok
2,200,anisotropic_cond1,MVEE,0.0,1.0,16.588517473052452,16.588517473052452,1.0,153.3147469162941,10,ok
2,200,anisotropic_cond1,DeepHull-original,0.0,1.0,16.41910672325865,16.41910672325865,1.0,6034.510117955506,200,ok
2,200,anisotropic_cond1,DeepHull-convex,0.0,1.0,16.538152115005648,16.538152115005648,1.0,8910.221979953349,200,ok
2,200,anisotropic_cond10,Extents,0.0,1.0,176.76646090087206,176.76646090087206,1.0,15.534826554358006,11,ok
2,200,anisotropic_cond10,MVEE,0.0,1.0,173.6057668852898,173.6057668852898,1.0,155.13406693935394,11,ok
2,200,anisotropic_cond10,DeepHull-original,0.0,1.0,174.86074833265332,174.86074833265332,1.0,5225.2323240973055,200,ok
2,200,anisotropic_cond10,DeepHull-convex,0.0,1.0,174.21001721179817,174.21001721179817,1.0,9132.257763296366,200,ok
2,200,anisotropic_cond100,Extents,0.0,0.9928112965340179,2391.9385571642265,2374.743620167924,0.9938,15.534625854343176,6,ok
2,200,anisotropic_cond100,MVEE,0.03660898838140225,0.9948836019442314,2400.5360256623776,2388.253927807876,0.9966,152.6939170435071,6,ok
2,200,anisotropic_cond100,DeepHull-original,0.0,1.0,2402.992445233278,2402.992445233278,1.0,5922.267429064959,200,ok
2,200,anisotropic_cond100,DeepHull-convex,0.0,1.0,2413.4322284096047,2413.4322284096047,1.0,8259.399599861354,200,ok
2,200,gaussian,Extents,0.0,1.0,6.092634240567108,6.092634240567108,1.0,13.372161891311407,10,ok
2,200,gaussian,MVEE,0.0,1.0,6.159678358757668,6.159678358757668,1.0,151.10449772328138,10,ok
2,200,gaussian,DeepHull-original,0.0,1.0,6.07252100510994,6.07252100510994,1.0,6012.6012112014,200,ok
2,200,gaussian,DeepHull-convex,0.0,1.0,6.214989756264879,6.214989756264879,1.0,10413.183926139027,200,ok
2,500,uniform_cube,Extents,0.0,1.0,3.880454060172643,3.880454060172643,1.0,52.165410947054625,19,ok
2,500,uniform_cube,MVEE,0.0,1.0,3.8868154602712868,3.8868154602712868,1.0,403.2218009233475,19,ok
2,500,uniform_cube,DeepHull-original,0.002769950541007593,0.9989730950913944,3.871707135037008,3.8677312599753555,1.0,11709.15297139436,232,ok
2,500,uniform_cube,DeepHull-convex,0.0,1.0,3.877273360123321,3.877273360123321,1.0,18327.512965071946,500,ok
2,500,anisotropic_cond1,Extents,0.0,1.0,26.549115629547025,26.549115629547025,1.0,22.795614786446095,10,ok
2,500,anisotropic_cond1,MVEE,0.0,1.0,26.76944024058061,26.76944024058061,1.0,689.8980317637324,10,ok
2,500,anisotropic_cond1,DeepHull-original,0.0,1.0,27.37166084407241,27.37166084407241,1.0,12231.271133292466,173,ok
2,500,anisotropic_cond1,DeepHull-convex,0.0,1.0,26.92366746830412,26.92366746830412,1.0,20503.81128489971,500,ok
2,500,anisotropic_cond10,Extents,0.0,1.0,229.28228365287507,229.28228365287507,1.0,30.971268191933632,13,ok
2,500,anisotropic_cond10,MVEE,0.0,1.0,234.7253680073978,234.7253680073978,1.0,718.6625958420336,13,ok
2,500,anisotropic_cond10,DeepHull-original,0.0,1.0,231.42282244397953,231.42282244397953,1.0,12674.958151765168,244,ok
2,500,anisotropic_cond10,DeepHull-convex,0.0,1.0,228.0591186293868,228.0591186293868,1.0,19181.33064219728,500,ok
2,500,anisotropic_cond100,Extents,0.0174556779300028,0.998401704848162,2504.4518526476577,2500.4489993935595,0.9986,23.250530939549208,11,ok
2,500,anisotropic_cond100,MVEE,0.2392628636940879,0.7479415670650731,2511.7904169468384,1878.6724605902516,0.8316,713.3279801346362,7,ok
2,500,anisotropic_cond100,DeepHull-original,0.0,1.0,2517.7946968279866,2517.7946968279866,1.0,12645.450684707612,185,ok
2,500,anisotropic_cond100,DeepHull-convex,0.0,1.0,2515.793270200937,2515.793270200937,1.0,20668.60922705382,500,ok
2,500,gaussian,Extents,0.0013942772738543274,0.9994773974392475,8.26240524955749,8.258087295416097,1.0,31.437363009899855,10,ok
2,500,gaussian,MVEE,0.037198531944726554,0.9974079834110937,8.329333538749099,8.307743768042128,0.9982,716.439216863364,10,ok
2,500,gaussian,DeepHull-original,0.0,1.0,8.361718194809553,8.361718194809553,1.0,12516.060790978372,169,ok
2,500,gaussian,DeepHull-convex,0.0,1.0,8.318538653395613,8.318538653395613,1.0,17503.176439087838,500,ok
2,1000,uniform_cube,Extents,0.0,1.0,3.9274527650876556,3.9274527650876556,1.0,75.37770923227072,18,ok
2,1000,uniform_cube,MVEE,0.0,1.0,3.9083410728001247,3.9083410728001247,1.0,2383.6449440568686,18,ok
2,1000,uniform_cube,DeepHull-original,1.1736026482249944,0.2676829268292683,3.91789691894389,1.048754114278273,0.2748,23411.31903976202,47,ok
2,1000,uniform_cube,DeepHull-convex,0.0,1.0,3.9306380471355773,3.9306380471355773,1.0,38266.42967108637,1000,ok
2,1000,anisotropic_cond1,Extents,0.0,1.0,30.60292175890456,30.60292175890456,1.0,35.24135798215866,10,ok
2,1000,anisotropic_cond1,MVEE,0.0,1.0,30.037214797350572,30.037214797350572,1.0,2252.647787798196,10,ok
2,1000,anisotropic_cond1,DeepHull-original,0.7454916578918196,0.8735355962751578,30.374814113116663,26.53348135804844,0.914,22974.983316846192,56,ok
2,1000,anisotropic_cond1,DeepHull-convex,0.0,1.0,30.393062724779696,30.393062724779696,1.0,39731.876607984304,1000,ok
2,1000,anisotropic_cond10,Extents,0.0,1.0,322.498300988014,322.498300988014,1.0,78.411933965981,10,ok
2,1000,anisotropic_cond10,MVEE,0.0,1.0,331.10913252085874,331.10913252085874,1.0,2371.851344127208,10,ok
2,1000,anisotropic_cond10,DeepHull-original,1.064775703277633,0.8721804511278195,325.4894319415285,283.8855195881,0.909,24014.35371581465,49,ok
2,1000,anisotropic_cond10,DeepHull-convex,0.0,1.0,324.7643092861311,324.7643092861311,1.0,36490.53528904915,1000,ok
2,1000,anisotropic_cond100,Extents,0.0,1.0,3174.4441686778614,3174.4441686778614,1.0,85.17910493537784,12,ok
2,1000,anisotropic_cond100,MVEE,0.0,1.0,3127.608107172778,3127.608107172778,1.0,2238.8664297759533,12,ok
2,1000,anisotropic_cond100,DeepHull-original,10.686385513021264,0.953647833241909,3162.3014860654325,3015.7219602439686,0.9636,22000.819471199065,58,ok
2,1000,anisotropic_cond100,DeepHull-convex,0.0,1.0,3150.158803453004,3150.158803453004,1.0,37774.41974915564,1000,ok
2,1000,gaussian,Extents,0.0,1.0,8.728062843676467,8.728062843676467,1.0,70.67552395164967,13,ok
2,1000,gaussian,MVEE,0.0,1.0,8.805991976209292,8.805991976209292,1.0,2178.6096110008657,13,ok
2,1000,gaussian,DeepHull-original,0.04641054234201525,0.9899815449512259,8.693682344029632,8.60658507825765,0.9914,21069.88412514329,51,ok
2,1000,gaussian,DeepHull-convex,0.0,1.0,8.624921344735963,8.624921344735963,1.0,34923.11262479052,1000,ok
3,200,uniform_cube,Extents,0.0038678890657901643,0.9979060027919963,6.659291859718283,6.645347321156751,0.9978,22.73437613621354,31,ok
3,200,uniform_cube,MVEE,0.007804293377222882,0.9990632318501169,6.615908850860183,6.609711278166168,0.9988,140.5778368934989,31,ok
3,200,uniform_cube,DeepHull-original,0.3066334363632184,0.9762234533702677,6.711971227617403,6.552383730746537,0.9774,5813.919820822775,174,ok
3,200,uniform_cube,DeepHull-convex,0.0,1.0,6.704224261749886,6.704224261749886,1.0,9562.690767925233,200,ok
3,200,anisotropic_cond1,Extents,0.0,1.0,59.00479434487305,59.00479434487305,0.9998,15.745843760669231,24,ok
3,200,anisotropic_cond1,MVEE,0.08631731170423951,0.9949636261891439,55.84828786773736,55.56701501333914,0.9976,148.58160028234124,22,ok
3,200,anisotropic_cond1,DeepHull-original,0.0,1.0,58.72352149047482,58.72352149047482,1.0,5758.105211891234,200,ok
3,200,anisotropic_cond1,DeepHull-convex,0.0,1.0,59.44232989615919,59.44232989615919,1.0,9592.483387794346,200,ok
3,200,anisotropic_cond10,Extents,0.5125881452502368,0.9497487437185929,2769.935724600772,2630.7429746208336,0.9858,22.740328684449196,15,ok
3,200,anisotropic_cond10,MVEE,0.8870895116525297,0.9806629834254141,2879.3014567278665,2823.6243567358906,0.9934,152.2999731823802,14,ok
3,200,anisotropic_cond10,DeepHull-original,0.0,1.0,2728.17789960679,2728.17789960679,1.0,5694.676004815847,198,ok
3,200,anisotropic_cond10,DeepHull-convex,0.0,1.0,2805.7281460241848,2805.7281460241848,1.0,8985.835864208639,200,ok
3,200,anisotropic_cond100,Extents,0.026092716101897118,0.6720711297071129,61236.17484421123,41155.06520649133,0.8774,14.681854285299778,19,ok
3,200,anisotropic_cond100,MVEE,2.4882044436901367,0.8380743982494531,58545.882643942525,49065.80536680523,0.9386,161.7285548709333,20,ok
3,200,anisotropic_cond100,DeepHull-original,0.0,1.0,61684.55687758934,61684.55687758934,1.0,5253.607324324548,195,ok
3,200,anisotropic_cond100,DeepHull-convex,0.0,1.0,60307.38348935655,60307.38348935655,1.0,10034.263036679476,200,ok
3,200,gaussian,Extents,0.0,1.0,14.929365466045626,14.929365466045626,1.0,18.347145058214664,21,ok
3,200,gaussian,MVEE,0.10881390012626668,0.991475759190197,14.97724157122803,14.84957195740829,0.9968,148.8683233037591,19,ok
3,200,gaussian,DeepHull-original,0.0,1.0,14.82563390481709,14.82563390481709,1.0,6665.175874251872,183,ok
3,200,gaussian,DeepHull-convex,0.0,1.0,15.783156008465127,15.783156008465127,1.0,8078.551695682108,200,ok
3,500,uniform_cube,Extents,3.5751968347152996e-05,0.9913538111490329,6.948887244488227,6.888805853068305,0.9948,32.239391934126616,48,ok
3,500,uniform_cube,MVEE,0.0028200945314247328,0.9927748927523142,7.002644278916577,6.952049422984012,0.9934,711.8566343560815,49,ok
3,500,uniform_cube,DeepHull-original,0.9236512924204711,0.5604966139954852,7.00422536816447,3.9258446025174667,0.6038,12650.94477776438,125,ok
3,500,uniform_cube,DeepHull-convex,0.0,1.0,6.975765761702402,6.975765761702402,1.0,20764.234085101634,500,ok
3,500,anisotropic_cond1,Extents,0.017496025736070564,1.0,79.36297416611932,79.36297416611932,1.0,53.45299281179905,29,ok
3,500,anisotropic_cond1,MVEE,0.0827787839709635,0.989713048186248,80.01278017730479,79.18969256313652,0.9954,643.445978872478,25,ok
3,500,anisotropic_cond1,DeepHull-original,0.39596508569139655,0.9726962457337883,76.15726451093765,74.07788527514413,0.991,12134.278478100896,146,ok
3,500,anisotropic_cond1,DeepHull-convex,0.0,1.0,83.04520822950367,83.04520822950367,1.0,18802.206316962838,500,ok
3,500,anisotropic_cond10,Extents,0.04872373797144203,0.9920760697305863,2746.0595076473446,2724.2999235930865,0.9962,21.24434942379594,27,ok
3,500,anisotropic_cond10,MVEE,1.0063469562178007,0.9929542023150478,2882.419567720694,2862.1106226033867,0.9972,738.4454333223403,28,ok
3,500,anisotropic_cond10,DeepHull-original,0.2385160841783529,0.9917355371900828,2808.436981936217,2785.226758945009,0.9972,11864.316856022924,142,ok
3,500,anisotropic_cond10,DeepHull-convex,0.0,1.0,2783.776120008058,2783.776120008058,1.0,19458.162817172706,500,ok
3,500,anisotropic_cond100,Extents,0.4740440291049435,0.6905165114309907,106091.66686134224,73258.04769299288,0.8566,30.23269632831216,17,ok
3,500,anisotropic_cond100,MVEE,1.6299333059053325,0.6000837520938024,107259.4836853875,64364.67341757131,0.8228,810.6791120953858,16,ok
3,500,anisotropic_cond100,DeepHull-original,3.2117425563413065,0.9395368782161235,104744.18591052078,98411.02544165996,0.9682,13460.334687959403,139,ok
3,500,anisotropic_cond100,DeepHull-convex,0.0,1.0,106900.1554318351,106900.1554318351,1.0,20043.40017773211,500,ok
3,500,gaussian,Extents,0.013428767048724644,0.9968668407310703,16.228120524078133,16.17727523784081,0.9988,21.95370802655816,35,ok
3,500,gaussian,MVEE,0.07648813248011987,0.9969727547931383,16.795892887061544,16.745047600824225,0.9994,715.971692930907,33,ok
3,500,gaussian,DeepHull-original,0.3599945435529128,0.954638124362895,16.62640859960381,15.872203520416889,0.982,11731.09527118504,127,ok
3,500,gaussian,DeepHull-convex,0.0,1.0,17.19418096258722,17.19418096258722,1.0,19667.062431108207,500,ok
3,1000,uniform_cube,Extents,0.010346544048116968,0.9910313901345291,7.4633106423099465,7.396375120854252,0.992,80.36360470578074,46,ok
3,1000,uniform_cube,MVEE,0.0055591473936948965,0.9970130147215702,7.4696854538771555,7.447373613391924,0.994,2697.8679201565683,54,ok
3,1000,uniform_cube,DeepHull-original,1.3354112044163302,0.20511182108626197,7.482435077011573,1.5347358848055686,0.248,23667.051760014147,71,ok
3,1000,uniform_cube,DeepHull-convex,0.0,1.0,7.453748424959133,7.453748424959133,1.0,40627.879929263145,1000,ok
3,1000,anisotropic_cond1,Extents,0.007146094551313098,1.0,115.86555445779153,115.86555445779153,0.9998,36.17935162037611,35,ok
3,1000,anisotropic_cond1,MVEE,0.0,1.0,117.11815504652442,117.11815504652442,1.0,3148.6420119181275,37,ok
3,1000,anisotropic_cond1,DeepHull-original,2.30611658203561,0.5328282828282828,112.73405298595935,60.067891868781366,0.8216,23561.727196909487,71,ok
3,1000,anisotropic_cond1,DeepHull-convex,0.0,1.0,114.27133552667696,114.27133552667696,1.0,39757.31811206788,1000,ok
3,1000,anisotropic_cond10,Extents,0.09578663870675985,0.9932038834951457,2928.3945470303306,2908.4928365165324,0.998,72.65938771888614,31,ok
3,1000,anisotropic_cond10,MVEE,0.6300452585720766,0.996166746526114,2966.7764173069418,2955.404011299057,0.9982,2569.6499394252896,35,ok
3,1000,anisotropic_cond10,DeepHull-original,5.932821469713637,0.4854186265286924,3022.21689659538,1467.0403750171365,0.8024,24264.557365328074,74,ok
3,1000,anisotropic_cond10,DeepHull-convex,0.0,1.0,2961.0902143029994,2961.0902143029994,1.0,38536.690924782306,1000,ok
3,1000,anisotropic_cond100,Extents,0.06520319358891324,0.8339498561446773,97617.13587196726,81407.79641768252,0.9302,63.6614840477705,21,ok
3,1000,anisotropic_cond100,MVEE,2.078974242703545,0.884419983065199,94768.46482925881,83815.12405940799,0.9386,2644.527981057763,26,ok
3,1000,anisotropic_cond100,DeepHull-original,25.060163078964155,0.3438818565400844,95089.44184815553,32699.53380010412,0.6896,23179.838839918375,67,ok
3,1000,anisotropic_cond100,DeepHull-convex,0.0,1.0,95731.395885949,95731.395885949,1.0,39624.48942102492,1000,ok
3,1000,gaussian,Extents,0.0,0.9917711598746083,29.426226474282103,29.184082761131666,0.9964,37.37789811566472,30,ok
3,1000,gaussian,MVEE,0.15855378837768264,0.9956227616394745,28.97653100700272,28.84969382392391,0.9972,2628.267240244895,34,ok
3,1000,gaussian,DeepHull-original,1.2105237010613976,0.6155332302936631,29.841329982540003,18.36833024041199,0.7954,22689.155120402575,86,ok
3,1000,gaussian,DeepHull-convex,0.0,1.0,29.241736026167484,29.241736026167484,1.0,40929.80988603085,1000,ok
5,200,uniform_cube,Extents,0.05723626516805225,0.9834786599357501,13.333250949679885,13.112967776578241,0.9954,21.57846884801984,92,ok
5,200,uniform_cube,MVEE,0.11135136817695268,0.9689095127610211,13.186395500945455,12.776424039895181,0.9904,221.38647083193064,86,ok
5,200,uniform_cube,DeepHull-original,0.5854951313436988,0.863119599818099,13.455630490291908,11.613818404080963,0.9438,6857.634504791349,163,ok
5,200,uniform_cube,DeepHull-convex,0.0,1.0,13.04565902924163,13.04565902924163,1.0,8704.299240838736,200,ok
5,200,anisotropic_cond1,Extents,0.12948216017101766,0.9883449883449884,360.88024885161747,356.6741853451884,0.9982,23.273594211786985,63,ok
5,200,anisotropic_cond1,MVEE,0.25552263199145697,0.9711111111111113,378.5457155786197,367.6099504619041,0.998,191.88796263188124,60,ok
5,200,anisotropic_cond1,DeepHull-original,1.769241878438094,0.8090452261306532,334.802655111757,270.87048981403456,0.9802,6256.529872305691,155,ok
5,200,anisotropic_cond1,DeepHull-convex,0.0,1.0,357.5153980464742,357.5153980464742,1.0,9459.977371618152,200,ok
5,200,anisotropic_cond10,Extents,0.6239446152743398,0.8905109489051094,133932.2840120111,119268.16532456463,0.9878,16.631627921015024,47,ok
5,200,anisotropic_cond10,MVEE,0.9460814883876765,0.9630996309963102,132465.87214326643,127577.8325807843,0.997,224.0695171058178,54,ok
5,200,anisotropic_cond10,DeepHull-original,4.606538357357479,0.8657844990548202,129288.64642765306,111936.10598084138,0.9872,6192.990751005709,151,ok
5,200,anisotropic_cond10,DeepHull-convex,0.0,1.0,132710.27412139057,132710.27412139057,1.0,10763.079716358334,200,ok
5,200,anisotropic_cond100,Extents,1.996298547036023,0.6083916083916083,41009329.560071066,24949731.970113166,0.9618,14.86912788823247,27,ok
5,200,anisotropic_cond100,MVEE,11.917326917572716,0.7607223476297968,42347629.35923422,32214788.022713166,0.9796,175.8719510398805,34,ok
5,200,anisotropic_cond100,DeepHull-original,10.305685251034323,0.8859649122807015,43590336.315600015,38619508.49013685,0.9926,5110.610376112163,172,ok
5,200,anisotropic_cond100,DeepHull-convex,0.0,1.0,41391700.93126053,41391700.93126053,1.0,9469.549647066742,200,ok
5,200,gaussian,Extents,0.05408272310286155,0.9835526315789473,27.666559396715677,27.211517301374958,0.999,16.368133947253227,63,ok
5,200,gaussian,MVEE,0.1167873479952779,0.9860335195530725,32.58101402639544,32.125971931054714,0.9992,202.442507725209,62,ok
5,200,gaussian,DeepHull-original,0.7772599493531465,0.7789115646258503,26.756475206034242,20.8409279666049,0.9848,6719.189037103206,159,ok
5,200,gaussian,DeepHull-convex,0.0,1.0,33.764123474281305,33.764123474281305,1.0,9611.10363015905,200,ok
5,500,uniform_cube,Extents,0.06353552831090892,0.985251798561151,17.53172711784951,17.273165674744533,0.9876,26.141603011637926,135,ok
5,500,uniform_cube,MVEE,0.030848433902755046,0.9808664259927796,17.46866335123854,17.1344253882004,0.9896,770.9883050993085,144,ok
5,500,uniform_cube,DeepHull-original,0.8507099257356566,0.4278444202108324,17.348842194677697,7.422605330111105,0.6758,11592.336070723832,150,ok
5,500,uniform_cube,DeepHull-convex,0.0,1.0,17.266859298083435,17.266859298083435,1.0,19609.07440027222,500,ok
5,500,anisotropic_cond1,Extents,0.04016433721660739,0.9905437352245863,788.7789172667415,781.320014975803,0.9996,53.441114258021116,86,ok
5,500,anisotropic_cond1,MVEE,0.11091523124027969,0.9798488664987404,740.2960523756416,725.3782477937646,0.999,678.4456400200725,81,ok
5,500,anisotropic_cond1,DeepHull-original,1.767096363626488,0.531328320802005,744.0255035211107,395.32182141973806,0.961,11273.503481876105,150,ok
5,500,anisotropic_cond1,DeepHull-convex,0.0,1.0,742.1607779483762,742.1607779483762,1.0,20154.08791601658,500,ok
5,500,anisotropic_cond10,Extents,0.6994595195986166,0.8636363636363638,206098.50119714992,177994.16012481131,0.9876,124.48960402980447,73,ok
5,500,anisotropic_cond10,MVEE,2.918090240294056,0.9481132075471699,198604.0102445263,188299.0851846688,0.9964,767.325468827039,87,ok
5,500,anisotropic_cond10,DeepHull-original,8.64524903599872,0.5644444444444445,210782.5580425397,118975.04387290019,0.9608,13929.44564530626,146,ok
5,500,gaussian,Extents,0.09882147997281576,0.9576470588235294,62.41358272159807,59.77018392397744,0.995,52.77907568961382,78,ok
5,500,gaussian,MVEE,0.30217610561239594,0.956120092378753,63.58842663165167,60.79817234527435,0.996,797.1484176814556,81,ok
5,500,gaussian,DeepHull-original,0.926442825173772,0.5235849056603773,62.26672723284137,32.6019185039877,0.9574,11274.363158736378,161,ok
5,500,gaussian,DeepHull-convex,0.0,1.0,69.75635715943314,69.75635715943314,1.0,20954.20212810859,500,ok
5,500,anisotropic_cond10,DeepHull-convex,0.0,1.0,192907.74018937495,192907.74018937495,1.0,20270.797512028366,500,ok
5,500,anisotropic_cond100,Extents,1.0206456215798543,0.35937500000000006,60421159.364712946,21713854.146693718,0.9546,104.24783267080784,39,ok
5,500,anisotropic_cond100,MVEE,12.492345765912486,0.2547945205479452,57431570.75031309,14633249.533641418,0.9406,758.283328730613,25,ok
5,500,anisotropic_cond100,DeepHull-original,35.02787133903697,0.5294117647058824,58847691.67292356,31154660.29743012,0.9576,12515.110563952476,147,ok
5,500,anisotropic_cond100,DeepHull-convex,0.0,1.0,54914022.443450056,54914022.443450056,1.0,21167.757309041917,500,ok
5,1000,uniform_cube,Extents,0.08595205255578664,0.972133526850508,21.79897980880682,21.191519123278386,0.9798,33.42761704698205,155,ok
5,1000,uniform_cube,MVEE,0.043416838705279126,0.9846851956891662,22.31152476222144,21.969828126611695,0.9858,5808.042387943715,188,ok
5,1000,uniform_cube,DeepHull-original,1.2720277539714753,0.1492495043896913,22.34316333959271,3.334706054932132,0.4028,22498.35437303409,105,ok
5,1000,uniform_cube,DeepHull-convex,0.0,1.0,22.15965959083933,22.15965959083933,1.0,37851.54225397855,1000,ok
5,1000,gaussian,Extents,0.12721233714492342,0.9162790697674417,91.9568406079382,84.25812837099453,0.9908,137.24991073831916,97,ok
5,1000,gaussian,MVEE,0.5887097965763721,0.9457735247208929,89.39060319562365,84.5432658612517,0.9916,5663.420785218477,110,ok
5,1000,gaussian,DeepHull-original,1.840254023494441,0.17412935323383086,85.96895331253756,14.969718238501567,0.9004,24293.25464181602,119,ok
5,1000,gaussian,DeepHull-convex,0.0,1.0,88.53519072485213,88.53519072485213,1.0,36417.94371698052,1000,ok
5,1000,anisotropic_cond1,Extents,0.20785613956993476,0.9854469854469854,1021.2583760160625,1006.3959880075126,0.9984,108.48337365314364,99,ok
5,1000,anisotropic_cond1,MVEE,0.18996540844030463,0.9887892376681614,946.9464359733137,936.3304445386352,0.9984,6127.243273891509,113,ok
5,1000,anisotropic_cond1,DeepHull-original,2.2178391511004785,0.19419642857142855,951.192832547185,184.71825096340422,0.923,23136.107669677585,122,ok
5,1000,anisotropic_cond1,DeepHull-convex,0.0,1.0,1057.352746893969,1057.352746893969,1.0,37737.558904103935,1000,ok
5,1000,anisotropic_cond10,Extents,0.2820111730702646,0.9435294117647057,373850.1619553901,352738.6233979092,0.994,153.8046500645578,88,ok
5,1000,anisotropic_cond10,MVEE,1.696195583448489,0.9525959367945824,389683.8158735007,371211.219635705,0.995,6852.191892918199,95,ok
5,1000,anisotropic_cond10,DeepHull-original,8.615007043713614,0.2707423580786026,402878.5274719263,109076.2825469844,0.9408,23217.496548313648,113,ok
5,1000,anisotropic_cond10,DeepHull-convex,0.0,1.0,367692.6298761248,367692.6298761248,1.0,38604.508861899376,1000,ok
5,1000,anisotropic_cond100,Extents,1.6613606833789412,0.49086757990867574,99947854.66601197,49061161.53696934,0.9592,151.70313324779272,44,ok
5,1000,anisotropic_cond100,MVEE,14.128958263182355,0.44036697247706413,99491471.76799366,43812758.20975867,0.9464,6401.565284002572,37,ok
5,1000,anisotropic_cond100,DeepHull-original,117.48287090242866,0.2691358024691358,92417536.8487097,24872867.941998415,0.9342,22924.18222501874,121,ok
5,1000,anisotropic_cond100,DeepHull-convex,0.0,1.0,99719663.21700282,99719663.21700282,1.0,37336.53231523931,1000,ok
8,200,uniform_cube,Extents,0.2036925061253454,0.9770114942528737,16.37727299861804,16.000783964167052,0.9992,19.79467971250415,153,ok
8,200,uniform_cube,MVEE,0.10577964310334043,0.9855072463768118,16.23608961069892,16.000783964167052,0.9998,157.87225309759378,157,ok
8,200,uniform_cube,DeepHull-original,1.231727859055626,0.3676470588235294,16.000783964167052,5.88264116329671,0.9586,5482.323694974184,129,ok
8,200,uniform_cube,DeepHull-convex,4.440892098500626e-16,1.0,15.85960057624793,15.85960057624793,1.0,8974.336598068476,200,ok
8,200,gaussian,Extents,0.2507371953193147,1.0,26.24946673556064,26.24946673556064,0.9994,25.470671709626913,100,ok
8,200,gaussian,MVEE,0.3654152760147722,0.6666666666666667,15.749680041336383,10.499786694224257,0.9998,186.71719916164875,97,ok
8,200,gaussian,DeepHull-original,1.2309796037175882,0.5,41.99914677689703,20.999573388448514,0.9992,6037.798602133989,137,ok
8,200,gaussian,DeepHull-convex,4.440892098500626e-16,1.0,57.74882681823341,57.74882681823341,1.0,8219.058082904667,200,ok
8,200,anisotropic_cond1,Extents,0.23253692364174205,1.0,2388.291283731942,2388.291283731942,1.0,23.566955234855413,96,ok
8,200,anisotropic_cond1,MVEE,0.47205804671435914,1.0,1940.4866680322025,1940.4866680322025,0.9998,155.15471529215574,111,ok
8,200,anisotropic_cond1,DeepHull-original,1.2211284332808736,0.6428571428571429,2089.7548732654486,1343.413847099217,0.9996,5259.912974201143,132,ok
8,200,anisotropic_cond1,DeepHull-convex,8.881784197001252e-16,1.0,1343.413847099217,1343.413847099217,1.0,8460.847551003098,200,ok
8,200,anisotropic_cond10,Extents,1.0952301417660966,0.7499999999999999,12582478.836714324,9436859.127535742,0.9994,22.846493870019913,77,ok
8,200,anisotropic_cond10,MVEE,3.589853967083556,0.75,18873718.255071484,14155288.691303613,0.999,160.09111795574427,71,ok
8,200,anisotropic_cond10,DeepHull-original,9.00220435878241,0.39999999999999997,15728098.545892905,6291239.418357162,0.9988,5511.910559143871,116,ok
8,200,anisotropic_cond10,DeepHull-convex,1.7763568394002505e-15,1.0,14155288.691303613,14155288.691303613,1.0,8254.182564094663,200,ok
8,200,anisotropic_cond100,Extents,5.041636674587501,0.23076923076923075,275971845276.9567,63685810448.52847,0.9984,24.87123804166913,51,ok
8,200,anisotropic_cond100,MVEE,23.236390926777503,0.4666666666666667,318429052242.6424,148600224379.89978,0.9972,165.51152197644114,48,ok
8,200,anisotropic_cond100,DeepHull-original,70.83927767698057,0.2,212286034828.42825,42457206965.68565,0.9986,5195.97232202068,126,ok
8,200,anisotropic_cond100,DeepHull-convex,5.684341886080802e-14,1.0,297200448759.79956,297200448759.79956,1.0,9026.718362234533,200,ok
